repositorio,loc_total,comentarios_total,cbo_total,dit_total,lcom_total,arquivos_java,loc_media_por_arquivo,comentarios_media_por_arquivo
aws-sdk-java,8601503,15050813,1189876,204994,20962197,170079,50.57,88.49
hive,2005252,53924230,140402,28763,1916110,20347,98.55,2650.23
java,1973776,191354616,80319,18500,2207697,11515,171.41,16617.86
camel,1856132,6754848,200735,67999,3306316,41485,44.74,162.83
Telegram,1606325,1163324,91502,22206,871158,13383,120.03,86.93
OpenSearch,1267700,1156337,140300,32672,723748,18824,67.34,61.43
ignite,1131032,2925332,118543,34851,10414357,21069,53.68,138.85
hazelcast,1103044,572908,133057,29483,752524,16787,65.71,34.13
lwjgl3,1086686,881748,67150,23597,9638418,9930,109.43,88.8
hibernate-orm,1067808,559685,173212,35706,1941080,25501,41.87,21.95
hbase,945632,7223161,94138,17248,799476,11522,82.07,626.9
pentaho-kettle,780806,718269,67177,14287,922984,11189,69.78,64.19
geoserver,764130,706307,88664,22305,538588,12254,62.36,57.64
druid,764049,604060,116988,20489,924629,14887,51.32,40.58
iotdb,754449,277142,71269,13938,915753,8663,87.09,31.99
spring-framework,751483,1345686,95726,27018,541076,18303,41.06,73.52
cassandra,742989,699209,86251,22354,747368,12631,58.82,55.36
starrocks,731129,400001,69151,14031,1283982,9434,77.5,42.4
beam,726838,1392808,120198,24870,317800,16210,44.84,85.92
jetty.project,719718,2247800,83377,24448,379386,14962,48.1,150.23
OsmAnd,683803,6262922,52750,9740,641741,6037,113.27,1037.42
kafka,674137,539723,65926,12160,533917,8468,79.61,63.74
automq,669107,581765,66412,12941,419086,9237,72.44,62.98
camunda,612278,324850,106781,20597,424775,14801,41.37,21.95
vespa,597335,215457,69192,18524,434203,11452,52.16,18.81
bazel,587214,784280,80251,17285,723186,10651,55.13,73.63
deeplearning4j,558237,8240803,47828,12414,310658498,5669,98.47,1453.66
CoreNLP,557599,7033536,25497,7103,639631,4305,129.52,1633.81
pinot,555664,348252,51459,10338,369305,7036,78.97,49.5
camunda-bpm-platform,543235,348114,67069,17607,922371,10681,50.86,32.59
tutorials,526471,73055,97974,26469,142187,23808,22.11,3.07
flowable-engine,521017,226926,59234,14927,1365226,8966,58.11,25.31
pulsar,520836,417380,50878,12633,631454,7400,70.38,56.4
keycloak,511612,265894,59312,13286,635057,8649,59.15,30.74
runelite,476559,698391,13714,4635,97992,3794,125.61,184.08
Alink,475597,626356,52667,13307,283903,8181,58.13,76.56
orientdb,449938,104045,32706,8125,1562075,5049,89.11,20.61
crate,437873,347448,57226,12411,366616,7559,57.93,45.96
esProc,426806,232598,17706,5752,259004,2650,161.06,87.77
Telegram-X,420517,181232,27319,4105,1570675,2885,145.76,62.82
sonarqube,412322,210062,62007,10129,229133,8617,47.85,24.38
fastjson2,412151,118992,25081,11244,2695290,9485,43.45,12.55
helidon,405108,511678,54861,14065,269360,9780,41.42,52.32
netty,381421,441951,34951,11940,529130,7906,48.24,55.9
RxJava,370515,389955,29959,15649,563239,11867,31.22,32.86
kubernetes-client,369320,217202,170603,8680,659938,7777,47.49,27.93
calcite,367195,985308,43258,9623,2168384,5648,65.01,174.45
storm,359172,2156517,23353,5339,214217,4388,81.85,491.46
tomcat,355602,1102363,21067,8442,839099,4664,76.24,236.36
jpexs-decompiler,345818,454408,23817,7801,233730,4056,85.26,112.03
druid,339640,86261,29599,11290,1344628,5814,58.42,14.84
--,338075,10079802,17954,14755,2232521,5069,66.69,1988.52
onedev,329808,94279,47924,11582,213538,8210,40.17,11.48
metersphere,322032,61443,24735,4808,1651953,3704,86.94,16.59
kylin,317849,120804,37153,7143,655714,4765,66.7,25.35
iceberg,313277,155048,39019,7619,164931,4543,68.96,34.13
closure-compiler,308255,469010,18399,4054,3416862,2686,114.76,174.61
hudi,303741,207713,41845,7195,273125,4550,66.76,45.65
cyberduck,297590,396375,48539,10162,491772,7509,39.63,52.79
jstorm,296316,2922918,21936,6137,167632,3956,74.9,738.86
armeria,295710,228864,41421,8489,214785,6420,46.06,35.65
libgdx,292333,157637,20979,7364,14095565,4096,71.37,38.49
byte-buddy,286228,6833759,37805,9938,91423,6150,46.54,1111.18
pinpoint,284950,188111,47000,10347,102487,9054,31.47,20.78
spring-security,271176,510758,51514,8448,70181,6677,40.61,76.5
gocd,267992,104085,40331,6894,202696,5407,49.56,19.25
ExoPlayer,262348,893042,24896,4249,171334,3281,79.96,272.19
seatunnel,262324,441693,32342,6514,148058,4759,55.12,92.81
grpc-java,257753,387093,30782,7672,74001,5493,46.92,70.47
openapi-generator,257103,607979,22369,5393,361900,4338,59.27,140.15
guava,254109,711085,25976,11580,308732,6430,39.52,110.59
alluxio,252449,252831,27813,5974,123463,4027,62.69,62.78
dubbo,250867,149190,26563,6314,226017,4902,51.18,30.43
lawnchair,248520,289448,33536,5150,315576,3250,76.47,89.06
FairEmail,243380,734498,20075,5397,142079,4247,57.31,172.95
Gadgetbridge,242946,153878,23643,8060,170061,4395,55.28,35.01
graylog2-server,239193,177340,56884,9385,132115,7024,34.05,25.25
SmartTube,237896,368609,21335,4975,211550,3194,74.48,115.41
spinnaker,235459,160098,53737,12809,116658,8155,28.87,19.63
incubator-seata,233989,140007,23936,6629,1900516,3648,64.14,38.38
h2database,231123,143596,10072,3445,295210,1674,138.07,85.78
cas,228308,145209,83055,13454,70213,8987,25.4,16.16
rstudio,227741,404387,34243,8936,2459477,6997,32.55,57.79
robolectric,223778,177522,23577,5434,288224,3976,56.28,44.65
jOOQ,222062,2111944,32335,6063,5531712,3302,67.25,639.6
spotbugs,217130,627723,21515,7209,135817,5267,41.22,119.18
rocketmq,215083,73049,19666,3808,348074,2860,75.2,25.54
languagetool,212875,514973,14022,4144,143745,2604,81.75,197.76
debezium,210033,190935,23042,5349,187947,3377,62.2,56.54
fastjson,206496,30908,11720,9518,797969,6327,32.64,4.89
angel,205066,73176,14122,3308,120624,1902,107.82,38.47
jmonkeyengine,202967,335041,21375,5175,172112,3194,63.55,104.9
reactor-core,202370,188580,15879,3777,272888,2245,90.14,84.0
shardingsphere,201442,166001,54721,11289,222108,7848,25.67,21.15
jitsi,196435,535868,17496,6116,126655,3217,61.06,166.57
zeppelin,190394,768747,12076,2648,90753,2107,90.36,364.85
plantuml,186959,202540,28070,6069,143665,3935,47.51,51.47
datahub,186627,43300,37540,3988,56650,3288,56.76,13.17
jenkins,186289,506493,25599,7784,189747,4103,45.4,123.44
nacos,184513,133756,22850,5152,91594,3999,46.14,33.45
zaproxy,183106,206312,11963,4821,175732,2523,72.57,81.77
bisq,177912,102246,27683,6511,111433,3685,48.28,27.75
micronaut-core,174400,234965,28121,6462,177127,4884,35.71,48.11
redisson,168643,112660,16983,3820,514534,2848,59.21,39.56
logging-log4j2,167654,322732,18892,5201,158419,3437,48.78,93.9
freeplane,165566,97564,16182,5567,172325,3558,46.53,27.42
maven,163503,142535,20279,5661,169041,3647,44.83,39.08
jackson-databind,162137,203956,19752,8956,126764,5236,30.97,38.95
undertow,161850,156497,16124,3840,113549,3098,52.24,50.52
logisim-evolution,161654,40859,11356,4627,53784,1905,84.86,21.45
Paper,160600,175800,28725,7021,465738,4165,38.56,42.21
im-server,158401,3718147,6490,1562,113173,1013,156.37,3670.43
shattered-pixel-dungeon,158019,72883,16985,7631,37233,2678,59.01,27.22
atlas,157514,1429942,12371,3150,65566,2194,71.79,651.75
Activiti,155578,89215,19767,5216,304623,3407,45.66,26.19
incubator-kie-optaplanner,155526,93892,23311,5919,158245,3215,48.38,29.2
yacy_search_server,154686,128248,7925,1969,61460,1419,109.01,90.38
OpenPDF,154011,174751,10357,3244,159618,1745,88.26,100.14
killbill,150948,67344,21160,4385,69008,2443,61.79,27.57
java-tron,150655,29978,14638,2906,133416,1652,91.2,18.15
Create,150481,6073,27244,4605,70336,2531,59.46,2.4
XChange,148793,30662,29346,7415,124141,4930,30.18,6.22
pmd,146610,131783,23362,8380,177294,4081,35.93,32.29
AxonFramework,146175,211323,24981,4978,63601,3907,37.41,54.09
Leetcode,140344,19461,7983,5143,1480,5141,27.3,3.79
sofa-jraft,137595,380688,8956,2105,110014,1438,95.68,264.73
javaparser,136870,77579,17497,3721,585280,1983,69.02,39.12
hutool,131789,155098,9365,3407,271453,2656,49.62,58.4
jadx,128305,11010,12852,4806,92884,2883,44.5,3.82
langchain4j,127902,54206,19096,3723,54082,3137,40.77,17.28
jmeter,127364,102381,9445,3436,106780,1719,74.09,59.56
AppManager,126167,43942,12308,2306,115361,1557,81.03,28.22
gephi,125587,138562,10703,3996,58970,2389,52.57,58.0
databus,124341,133849,8380,2057,70850,1516,82.02,88.29
aeron,122516,99824,10265,1705,150027,1313,93.31,76.03
zookeeper,122448,141768,9942,3515,64619,1753,69.85,80.87
strimzi-kafka-operator,119627,64410,16188,2147,65646,1435,83.36,44.89
flink-cdc,115062,73827,15646,2753,56585,1884,61.07,39.19
material-components-android,114509,193009,14680,3168,189362,2060,55.59,93.69
WxJava,112951,380222,28005,6173,103371,5087,22.2,74.74
canal,112590,327878,6099,1448,81147,1049,107.33,312.56
Terasology,111591,41180,17137,4061,70326,2810,39.71,14.65
AutoJs6,111419,78755,9105,2590,65829,1768,63.02,44.54
realm-java,110167,194543,8209,2319,98943,1912,57.62,101.75
processing,110008,396374,3441,1514,468156,922,119.31,429.91
jedis,109627,37160,6756,1733,647584,1220,89.86,30.46
lettuce,109320,163435,12744,2813,336243,2020,54.12,80.91
error-prone,108004,128982,24641,4816,80102,3139,34.41,41.09
supertokens-core,107469,23079,10713,1555,69294,974,110.34,23.7
Ant-Media-Server,107439,90566,6797,1576,218171,1189,90.36,76.17
jna,106804,873446,11528,5990,106278,2365,45.16,369.32
opentsdb,104636,138145,6841,1230,62151,958,109.22,144.2
chunjun,104308,54058,13680,2999,39922,1916,54.44,28.21
janusgraph,104266,93592,13303,2735,83234,1896,54.99,49.36
ByteLegend,104032,93896,2059,296,214714,295,352.65,318.29
mall-swarm,101603,4572,2894,941,845159,764,132.99,5.98
smile,100975,153647,7389,1818,138360,1334,75.69,115.18
mall,100903,3299,2990,942,844211,760,132.77,4.34
liquibase,98891,31602,11901,3128,114020,1742,56.77,18.14
graphhopper,98846,77551,9182,1712,44842,1359,72.73,57.06
querydsl,98636,72815,16821,6423,138655,3232,30.52,22.53
junit-framework,98490,128357,16138,4468,124623,3428,28.73,37.44
cat,98001,33058,10458,2714,43584,1892,51.8,17.47
dolphinscheduler,97378,70412,18068,3813,31756,2766,35.21,25.46
mapstruct,96528,49256,17572,5370,48092,4594,21.01,10.72
djl,96346,86616,10853,2440,221066,1665,57.87,52.02
picocli,96033,1678510,8831,3268,173206,2940,32.66,570.92
Infinity-For-Reddit,95174,40529,11003,2463,48960,1587,59.97,25.54
azkaban,93837,51751,8304,1735,45983,1283,73.14,40.34
ruoyi-vue-pro,93443,76120,29595,4588,61048,3748,24.93,20.31
skywalking,93405,67279,17598,4025,15800,2876,32.48,23.39
Mycat-Server,92943,48516,6320,1671,101328,1291,71.99,37.58
yudao-cloud,91701,74158,29756,4597,60965,3792,24.18,19.56
joda-time,91613,99075,4778,1272,164479,557,164.48,177.87
XUI,91066,135175,9500,2749,87341,1657,54.96,81.58
litemall,90884,190050,2849,695,945790,617,147.3,308.02
unidbg,90597,16636,9049,2768,45859,1722,52.61,9.66
selenium,88479,74939,11131,2583,61172,1869,47.34,40.1
hackpad,87731,104775,3150,1118,94273,619,141.73,169.26
caffeine,85095,112466,6561,2121,217994,1336,63.69,84.18
guice,84679,180575,14757,5060,32803,3880,21.82,46.54
javassist,83226,81857,3761,1724,48738,1110,74.98,73.75
tink,82161,57585,11231,1888,44061,1465,56.08,39.31
aws-doc-sdk-examples,81846,29983,11777,1740,10351,1673,48.92,17.92
DataX,81194,17222,5502,2096,27677,1222,66.44,14.09
micrometer,80792,83707,11046,2495,38435,1936,41.73,43.24
DoKit,80480,94660,7070,2072,112602,1569,51.29,60.33
ArchUnit,80126,103252,13255,4683,145029,3672,21.82,28.12
matrix,79032,38299,7913,1871,17962,1393,56.74,27.49
HMCL,78718,38769,8882,2213,46595,1309,60.14,29.62
RoaringBitmap,78416,34217,3564,727,165621,638,122.91,53.63
fory,77008,51679,7484,3094,53891,1413,54.5,36.57
Digital,76080,92640,9172,3059,24068,1817,41.87,50.99
Ehviewer_CN_SXJ,74626,45708,6261,1562,62316,910,82.01,50.23
roboguice,74026,139768,15006,4078,23771,3335,22.2,41.91
bistoury,73638,46651,6584,1741,29147,1361,54.11,34.28
FlatLaf,73530,83128,3228,3117,54843,846,86.91,98.26
OpenRefine,73059,50356,9345,2362,17898,1401,52.15,35.94
sofa-rpc,72302,56943,7965,2019,37420,1527,47.35,37.29
Recaf,72017,60996,13038,2461,41360,1534,46.95,39.76
EdXposed,71794,103876,5580,1475,175792,920,78.04,112.91
titan,71163,56294,9348,2183,32686,1594,44.64,35.32
cw-omnibus,71119,88023,10241,3276,39028,1944,36.58,45.28
jshERP,71055,5506,2097,478,602892,360,197.38,15.29
immutables,71038,73781,12799,3511,83742,2736,25.96,26.97
opengrok,70623,65387,6037,1848,88974,1128,62.61,57.97
incubator-heron,70465,66925,9545,2456,34753,1675,42.07,39.96
light-4j,68776,53161,5647,1446,28793,1235,55.69,43.05
netty-learning,68759,86879,5894,1921,45686,1164,59.07,74.64
otter,68163,121654,5979,1780,42061,1296,52.59,93.87
generator,68036,17259,5029,1262,56727,644,105.65,26.8
vavr,67695,423017,5728,875,747179,698,96.98,606.04
traccar,67603,22292,10045,3467,10687,1803,37.49,12.36
kestra,66099,14142,15745,2793,28472,1916,34.5,7.38
mockserver,65134,16853,8066,1871,106267,1109,58.73,15.2
conductor,63831,24043,6518,1064,76579,837,76.26,28.73
grobid,63537,23121,2977,705,75415,563,112.85,41.07
MinecraftForge,63191,75716,11934,3634,63427,1673,37.77,45.26
JDA,62413,180851,11887,2448,170920,1343,46.47,134.66
Hystrix,62010,328963,6698,3148,40609,2005,30.93,164.07
hertzbeat,61919,63923,10254,1840,15159,1453,42.61,43.99
resilience4j,61840,48667,11154,2338,30240,1594,38.8,30.53
xpipe,61464,3333,10293,2331,27734,1480,41.53,2.25
pkl,61367,44685,10216,7118,46026,1622,37.83,27.55
glide,60913,41301,9091,1877,30280,1516,40.18,27.24
storm,60552,100402,3766,1096,28143,851,71.15,117.98
mybatis-3,60434,38638,6172,2162,36540,1744,34.65,22.15
jetlinks-community,60428,47938,16173,2354,21659,1842,32.81,26.02
Launcher3,60130,91721,7168,1460,63044,990,60.74,92.65
Signal-Server,59892,17688,11620,1886,17479,1274,47.01,13.88
Geyser,59716,49604,9953,2375,41758,1208,49.43,41.06
dinky,59130,47862,9505,1807,34564,1333,44.36,35.91
QMUI_Android,58309,40566,5829,1737,37675,1066,54.7,38.05
Java,57505,37023,3098,1567,11951,1501,38.31,24.67
SoloPi,56327,91553,5409,1411,15369,1170,48.14,78.25
GT,55663,55958,4098,1360,14354,1050,53.01,53.29
Sentinel,55432,42244,6690,1787,18910,1514,36.61,27.9
fernflower,55184,7049,3086,857,26221,698,79.06,10.1
GmsCore,54595,75389,10355,3090,25705,1807,30.21,41.72
bundletool,54318,29111,8468,1107,72113,873,62.22,33.35
springdoc-openapi,54288,156233,14744,4927,33974,3750,14.48,41.66
shopizer,53489,13721,9786,2075,42101,1233,43.38,11.13
1brc,53431,32394,1900,654,4548,600,89.05,53.99
quasar,52770,92618,4568,2020,48560,1349,39.12,68.66
wiremock,52641,24291,7471,1780,96193,1299,40.52,18.7
maestro,52592,22555,8489,1641,29435,1016,51.76,22.2
halo,52286,15686,11980,2006,10842,1591,32.86,9.86
mockito,52190,46249,7292,2941,38491,2100,24.85,22.02
blog_demos,51987,58827,7311,2181,27544,1819,28.58,32.34
AntennaPod,51763,8395,6066,1213,17486,817,63.36,10.28
spring-data-examples,50985,15141,17349,6685,3058,6628,7.69,2.28
fresco,50422,31028,7013,1496,30344,1055,47.79,29.41
tablesaw,48467,32243,4797,983,83025,765,63.36,42.15
MyBookshelf,48375,18698,4239,983,39245,669,72.31,27.95
arthas,47805,24926,4507,1291,34904,952,50.22,26.18
remusic,47786,67340,4383,1228,35191,845,56.55,79.69
VirtualXposed,47736,16796,5735,4058,21353,1453,32.85,11.56
conductor,47052,21333,4979,833,52240,664,70.86,32.13
motan,46901,25703,5015,1211,27614,844,55.57,30.45
clojure,46876,111131,3304,1371,119569,917,51.12,121.19
smali,46762,44272,6933,1920,17299,1152,40.59,38.43
wvp-GB28181-pro,46671,10031,6145,954,26350,733,63.67,13.68
VirtualApp,46624,15361,5596,3675,22168,1420,32.83,10.82
android,46616,21836,4693,852,57825,505,92.31,43.24
JeecgBoot,46549,33376,5935,979,41312,828,56.22,40.31
JSqlParser,46427,14970,5178,1259,418573,815,56.97,18.37
supersonic,46371,4772,7136,1466,52351,1136,40.82,4.2
bitcoinj,46026,83869,4463,1078,55594,623,73.88,134.62
go-lang-idea-plugin,45363,24224,9192,2347,124553,1132,40.07,21.4
xmall,45293,2200,1362,367,199974,316,143.33,6.96
Douya,44643,14873,6971,2022,35327,1244,35.89,11.96
InternetArchitect,44604,175150,3237,800,44065,691,64.55,253.47
EhViewer,44372,30522,4294,1095,27203,601,73.83,50.79
epoxy,43286,16227,4390,1106,84652,610,70.96,26.6
web3j,43107,21815,5394,2192,44515,1262,34.16,17.29
lilishop,42828,34152,11818,2044,20676,1552,27.6,22.01
dataease,42609,7315,5435,1327,30514,1099,38.77,6.66
liteflow,42566,15859,9750,3543,29486,1965,21.66,8.07
swagger-core,42155,13720,7088,1799,72862,1466,28.76,9.36
zheng,41742,3654,2306,717,173496,509,82.01,7.18
dex2jar,41715,15640,3100,897,12067,571,73.06,27.39
NewPipe,41538,20637,4860,964,25330,586,70.88,35.22
QAuxiliary,41528,20253,3971,687,21916,518,80.17,39.1
DependencyCheck,41235,44558,3473,919,29564,492,83.81,90.57
antlr4,41027,30730,3822,1215,31976,662,61.97,46.42
Suwayomi-Server,40995,151244,2265,663,615892,408,100.48,370.7
btrace,40986,102024,3773,1001,71074,768,53.37,132.84
spring-cloud-gateway,40876,45293,8414,1672,19981,1219,33.53,37.16
tinker,40448,21118,2493,834,14805,520,77.78,40.61
FastHub,40321,4350,7541,1343,32463,934,43.17,4.66
logstash,40167,26943,4628,1402,18042,854,47.03,31.55
karate,40088,12244,3872,704,67321,584,68.64,20.97
zxing,40029,24491,2966,989,13666,595,67.28,41.16
AndroidUtilCode,39995,58965,2793,914,97119,670,59.69,88.01
dropwizard,39903,15890,8196,2082,26388,1376,29.0,11.55
mybatis,39118,22803,3880,1355,22305,1039,37.65,21.95
PictureSelector,39103,58332,3800,912,36444,737,53.06,79.15
mybatis-plus,39071,34075,6160,1388,26127,1042,37.5,32.7
bilibili-android-client,38892,6841,2751,1016,23920,559,69.57,12.24
pixel-dungeon,38623,14505,4802,2135,10423,839,46.03,17.29
jsoup,38014,32326,2573,737,97954,408,93.17,79.23
Iris,37890,14485,5701,1200,20646,912,41.55,15.88
feign,37446,32754,6404,2098,16543,1247,30.03,26.27
aviatorscript,37362,18682,2429,785,31955,524,71.3,35.65
spring-authorization-server,37194,26211,6961,947,11334,679,54.78,38.6
JCTools,37082,55328,3626,3080,15733,788,47.06,70.21
jacoco,36798,29630,4001,1344,11871,939,39.19,31.55
shiro,36724,55847,5145,1829,20193,1024,35.86,54.54
atmosphere,36660,58895,4073,969,40774,741,49.47,79.48
spotless,36551,26864,4483,1573,12393,899,40.66,29.88
mcaselector,36373,2952,3636,1294,11777,531,68.5,5.56
oshi,36137,28128,3687,1062,21206,668,54.1,42.11
Pixiv-Shaft,36025,16262,4960,1497,25916,1033,34.87,15.74
QNotified,35499,12513,3069,833,24409,511,69.47,24.49
java-design-patterns,35484,63191,6370,2268,3486,1894,18.73,33.36
Stirling-PDF,35343,8713,4785,721,9652,585,60.42,14.89
jib,35271,33137,4972,860,12018,704,50.1,47.07
spring-security-oauth,35204,27800,6058,1601,13386,999,35.24,27.83
Chat2DB,35180,21868,6360,1323,17232,1045,33.67,20.93
SimplifyReader,34709,65110,2880,877,38106,632,54.92,103.02
quartz,34643,68895,2799,724,59922,502,69.01,137.24
gson,34449,51981,3254,1379,22164,1076,32.02,48.31
wechat,34426,40288,3324,794,9813,635,54.21,63.45
data-transfer-project,33617,16471,6342,1174,6375,927,36.26,17.77
apollo,33499,16516,5356,932,11044,737,45.45,22.41
powermock,32976,33065,4365,1577,28823,1269,25.99,26.06
junit4,32946,17574,5690,2154,19066,1471,22.4,11.95
elasticsearch-sql,32893,4868,2650,575,52495,276,119.18,17.64
eureka,32879,28992,4366,943,13781,742,44.31,39.07
sofa-boot,32830,41227,6086,1415,21044,1181,27.8,34.91
Algorithms,32495,17098,1209,488,7499,463,70.18,36.93
cardslib,32257,70579,4786,1766,15101,811,39.77,87.03
springfox,32115,20367,6478,1273,26415,1136,28.27,17.93
auto,31941,64287,4686,1943,29151,1139,28.04,56.44
GSYVideoPlayer,31928,28058,3489,1002,35206,636,50.2,44.12
AmazeFileManager,31851,24954,3236,642,12776,443,71.9,56.33
initializr,31773,31354,4360,935,24895,738,43.05,42.49
java-algorithms-implementation,31758,39108,1629,695,3095,439,72.34,89.08
KnowStreaming,31517,12954,6721,1699,9641,934,33.74,13.87
testcontainers-java,30997,11261,4797,1340,19655,897,34.56,12.55
BookReader,30914,40488,3354,1005,17701,699,44.23,57.92
flyway,30756,26322,4257,1086,37540,718,42.84,36.66
TV,30424,304,4228,905,65837,645,47.17,0.47
RePlugin,30275,32846,2370,646,14601,456,66.39,72.03
hippo4j,29660,37789,5478,1418,6854,1179,25.16,32.05
async-http-client,29573,24961,3361,907,24029,579,51.08,43.11
androidannotations,28800,19425,5737,1621,25133,963,29.91,20.17
markor,28782,12864,2258,492,43432,327,88.02,39.34
rest-assured,28601,52464,3690,844,74641,704,40.63,74.52
metrics,28505,18327,3772,930,6561,688,41.43,26.64
IDDD_Samples,28475,10036,3084,1083,17790,651,43.74,15.42
BasePopup,28287,23865,3344,963,19479,568,49.8,42.02
Chronicle-Queue,27561,14117,2742,794,88523,499,55.23,28.29
hmily,27504,29169,4711,1070,9336,877,31.36,33.26
material,27346,36957,1986,502,16621,305,89.66,121.17
interview,27259,7651,1343,692,2274,667,40.87,11.47
PojavLauncher,27149,8002,2506,567,50142,402,67.53,19.91
javacpp,27026,14673,1271,432,32495,215,125.7,68.25
javacv,26962,11929,1366,475,29880,223,120.91,53.49
Sa-Token,26943,34452,3375,915,45737,748,36.02,46.06
signal-cli,26922,1041,3421,774,23668,491,54.83,2.12
jodd,26882,29596,2908,1049,9427,728,36.93,40.65
ActionBarSherlock,26463,56380,2683,833,27071,427,61.97,132.04
Discovery,26230,7351,3957,1051,15567,828,31.68,8.88
sodium,26207,7982,4076,957,9032,665,39.41,12.0
ruoyi-ai,26041,22755,5247,1056,10968,823,31.64,27.65
Arduino,25793,32206,1859,796,14725,450,57.32,71.57
spock,25489,21020,3925,1051,25222,726,35.11,28.95
PowerJob,24684,15596,4338,894,3879,755,32.69,20.66
hsweb-framework,24639,16439,5227,1140,9477,848,29.06,19.39
termux-app,24562,29021,1898,459,19525,321,76.52,90.41
OpenHub,24549,4548,4432,1071,21601,656,37.42,6.93
JFoenix,24546,23551,2941,690,9386,425,57.76,55.41
objectbox-java,24395,23651,2010,688,40635,392,62.23,60.33
Tangram-Android,24338,30482,3019,963,13323,574,42.4,53.1
LSPosed_mod,24128,24101,2492,726,22440,447,53.98,53.92
Aegis,24021,9430,3381,776,10381,454,52.91,20.77
NullAway,23452,25437,2628,704,29792,577,40.64,44.08
XCL-Charts,23397,25809,2531,712,16037,327,71.55,78.93
lucida,23221,21613,1755,432,6303,268,86.65,80.65
HeliBoard,23194,12038,1580,348,16841,237,97.86,50.79
LSPosed,22952,23957,2358,703,20545,427,53.75,56.11
poi-tl,22801,8746,3409,633,47069,525,43.43,16.66
WePush,22791,5387,1885,436,6941,276,82.58,19.52
android,22657,42587,2155,777,8014,512,44.25,83.18
algs4,22522,43919,1117,285,13244,279,80.72,157.42
giffun,22397,29508,2573,611,12112,478,46.86,61.73
YCSB,22395,15921,1664,386,1853,236,94.89,67.46
baritone,22324,17208,3168,656,10460,473,47.2,36.38
DroidPlugin,22301,71087,2595,3449,2908,786,28.37,90.44
fastexcel,22244,14192,4039,845,18518,626,35.53,22.67
booklore,22121,1015,4624,604,6420,582,38.01,1.74
Shadow,21905,16863,2861,1203,11682,674,32.5,25.02
Timber,21859,13353,2446,662,8946,453,48.25,29.48
xManager,21822,196,1057,535,2480,524,41.65,0.37
ribbon,21788,19661,3114,899,9498,710,30.69,27.69
bytecode-viewer,21761,14881,1961,850,5667,414,52.56,35.94
PeerBanHelper,21614,3016,3379,673,7810,503,42.97,6.0
zuul,21592,12693,3260,808,12470,501,43.1,25.34
AlgoDS,21217,3638,950,713,1002,710,29.88,5.12
CameraView,21155,48155,2989,734,18563,534,39.62,90.18
simplify,21150,3559,2795,427,6451,311,68.01,11.44
MPAndroidChart,21111,14001,2706,606,27856,306,68.99,45.75
CtCI-6th-Edition,21093,1431,1296,651,2730,609,34.64,2.35
TelegramBots,21010,14841,7913,1677,7930,761,27.61,19.5
android-advancedrecyclerview,20692,18693,2609,951,12649,395,52.38,47.32
megabasterd,20673,4630,555,299,17230,201,102.85,23.03
easyexcel,20545,15794,3714,770,17934,560,36.69,28.2
AndroidProject,20468,22309,2583,767,6868,358,57.17,62.32
GCViewer,20453,6874,1535,630,14272,291,70.29,23.62
mapdb,20198,39734,852,532,21526,263,76.8,151.08
roncoo-pay,19910,15510,2051,505,24797,394,50.53,39.37
ripme,19889,4352,1602,813,9014,320,62.15,13.6
BilibiliDown,19838,11388,1102,451,11009,262,75.72,43.47
Fast-Android-Networking,19596,21137,1851,719,7917,575,34.08,36.76
thumbnailator,19559,86686,906,276,20862,223,87.71,388.73
CloudReader,19393,10712,2337,716,9551,492,39.42,21.77
Android-skin-support,19377,3986,2462,564,7157,405,47.84,9.84
jd-gui,19309,6718,1847,984,4524,407,47.44,16.51
pdfsam,19305,15628,4442,895,3082,638,30.26,24.5
revanced-patches,19274,14311,2221,569,7667,423,45.57,33.83
stetho,19241,13364,2575,837,4408,588,32.72,22.73
malmo,19130,18684,1960,596,3572,278,68.81,67.21
Mapper,19104,13705,2316,569,16569,458,41.71,29.92
okdownload,18986,13630,2210,434,12094,343,55.35,39.74
spring-cloud-alibaba,18912,16918,3463,662,17649,596,31.73,28.39
serve,18747,1592,1456,368,16043,251,74.69,6.34
lamp-cloud,18730,21542,6341,1048,5864,820,22.84,26.27
greenDAO,18545,10434,1827,765,17273,364,50.95,28.66
dynamic-tp,18457,27849,2741,730,10042,566,32.61,49.2
DKVideoPlayer,18446,13073,2008,600,17626,377,48.93,34.68
vjtools,18382,14001,1188,484,9968,379,48.5,36.94
bitcoin-wallet,18379,8893,2915,663,2095,387,47.49,22.98
coursera-android,18164,11955,2583,912,2042,608,29.88,19.66
SmartRefreshLayout,18146,22577,2268,514,10339,341,53.21,66.21
kafka-ui,18139,2750,3716,775,8790,513,35.36,5.36
AndroidAsync,18086,10590,1962,832,10556,543,33.31,19.5
jetcache,18021,3586,2691,730,7095,446,40.41,8.04
lottie-android,17883,11497,2021,377,9790,293,61.03,39.24
aurora-imui,17789,13184,1644,523,17192,342,52.01,38.55
maxwell,17755,2543,1906,506,10027,312,56.91,8.15
SpringBoot-Labs,17714,7569,6288,1541,2112,1463,12.11,5.17
cglib,17670,21009,1602,763,130375,498,35.48,42.19
LQRWeChat,17612,6624,1932,547,7309,386,45.63,17.16
moco,17542,1271,3358,888,19997,577,30.4,2.2
akhq,17372,7135,2502,394,8848,305,56.96,23.39
cryptomator,17289,2237,3684,633,8201,443,39.03,5.05
jeepay,17168,17227,4869,981,2360,550,31.21,31.32
mosby,17138,16085,3562,1067,6380,662,25.89,24.3
uncle-novel,16991,10927,1961,446,2802,269,63.16,40.62
JsonPath,16468,5620,1677,547,10779,368,44.75,15.27
paascloud-master,16428,25562,4529,976,4049,742,22.14,34.45
UltimateRecyclerView,16083,20958,1992,647,15812,382,42.1,54.86
SimianArmy,16056,12955,1783,434,7674,305,52.64,42.48
jjwt,16052,34085,3121,1107,14338,555,28.92,61.41
AndroidHttpCapture,15900,15287,1494,449,11730,317,50.16,48.22
FlexibleAdapter,15853,107510,1964,689,33353,326,48.63,329.79
reactive-streams-jvm,15738,29889,1433,586,9334,459,34.29,65.12
shardingsphere-elasticjob,15586,13867,3256,688,1903,596,26.15,23.27
RxAndroidBle,15479,11565,2563,627,25511,477,32.45,24.25
blade,15319,7725,1419,379,12942,307,49.9,25.16
novel-plus,15305,5320,2650,495,19071,409,37.42,13.01
mpush,15032,12686,1883,535,9777,398,37.77,31.87
Android-ZBLibrary,14727,19864,1710,496,8480,318,46.31,62.47
awesome-low-level-design,14591,785,2082,902,2417,792,18.42,0.99
MagicCamera,14543,2191,1247,516,2686,352,41.32,6.22
material-theme-jetbrains,14517,13447,1546,805,30139,357,40.66,37.67
flink-learning,14454,8540,2534,669,1954,592,24.42,14.43
jvm-sandbox,14407,16106,1515,577,5377,435,33.12,37.03
FileDownloader,14387,13563,1218,454,11302,269,53.48,50.42
mall-learning,14384,2336,1238,275,57148,249,57.77,9.38
jsonschema2pojo,14294,8656,1816,309,21053,271,52.75,31.94
smartTable,14165,8258,1866,433,9438,364,38.91,22.69
IJPay,14136,12758,1526,374,38057,273,51.78,46.73
vlayout,14042,16383,845,295,11534,159,88.31,103.04
disconf,14009,14129,1886,577,5362,425,32.96,33.24
android-maps-utils,13857,19304,1551,365,8147,218,63.56,88.55
APIJSON,13844,8882,412,87,81590,70,197.77,126.89
datax-web,13801,5090,1598,440,4197,317,43.54,16.06
spring-boot-admin,13740,11272,3602,583,3347,464,29.61,24.29
AndroidPicker,13541,13682,1299,393,12360,239,56.66,57.25
SpringCloud-Learning,13492,6198,1834,326,8965,312,43.24,19.87
leetcode-editor,13421,1428,1905,523,6061,301,44.59,4.74
okhttp-OkGo,13418,11342,2040,586,7020,361,37.17,31.42
learning-note,13368,9460,1444,772,1904,658,20.32,14.38
blossom,13365,12891,2490,585,3035,435,30.72,29.63
FirebaseUI-Android,13274,10344,2780,556,3504,284,46.74,36.42
config,13186,10147,1095,411,15236,200,65.93,50.74
disruptor,13167,14340,1837,529,10612,410,32.11,34.98
react-native-svg,13066,7438,1427,577,19170,218,59.94,34.12
DanmakuFlameMaster,12879,4069,888,277,8171,172,74.88,23.66
smart-admin,12870,11063,3669,702,2168,572,22.5,19.34
SSM,12864,1887,695,251,24155,218,59.01,8.66
springside4,12842,11213,997,402,7807,315,40.77,35.6
Java-WebSocket,12805,11483,928,475,9558,261,49.06,44.0
google-java-format,12753,15469,945,235,11022,165,77.29,93.75
scribejava,12671,2903,2079,692,5402,494,25.65,5.88
Android-ObservableScrollView,12621,7669,1680,659,2536,335,37.67,22.89
ipscan,12598,5608,1910,638,1590,383,32.89,14.64
xUtils3,12561,3820,1139,307,5984,218,57.62,17.52
zfile,12385,7251,2902,623,3914,414,29.92,17.51
XPopup,12348,10584,1435,481,6985,305,40.49,34.7
JSON-java,12228,14069,290,111,32858,91,134.37,154.6
Android-IMSI-Catcher-Detector,12171,11839,1270,334,1246,251,48.49,47.17
ansj_seg,12130,3416,1377,259,2088,218,55.64,15.67
QLExpress,12114,2769,1905,456,12880,325,37.27,8.52
AndServer,12029,10131,1075,330,10283,214,56.21,47.34
GeekNews,11939,4020,2031,635,4394,439,27.2,9.16
LitePal,11830,45173,1007,332,9939,201,58.86,224.74
rocketmq-externals,11795,6618,1581,344,4524,275,42.89,24.07
DataMiningAlgorithm,11663,1534,289,137,1255,126,92.56,12.17
CalendarView,11557,20172,1156,380,9360,176,65.66,114.61
HikariCP,11464,8201,811,238,31944,185,61.97,44.33
ShedLock,11325,7100,2314,856,2862,391,28.96,18.16
AgentWeb,11320,9619,1382,381,4811,256,44.22,37.57
Store,11288,51688,1798,453,4946,290,38.92,178.23
ctci,11244,680,609,348,1585,311,36.15,2.19
db-tutorial,11203,4028,1088,247,6815,209,53.6,19.27
SwipeRecyclerView,11090,11762,1333,382,7409,275,40.33,42.77
hellocharts-android,10995,2904,965,233,6165,153,71.86,18.98
java-learning,10984,9792,817,969,449,753,14.59,13.0
agera,10897,14564,1835,360,4305,290,37.58,50.22
Java,10840,1756,478,729,668,619,17.51,2.84
greys-anatomy,10774,10507,976,277,1625,240,44.89,43.78
grpc-spring,10752,15207,2761,618,2244,418,25.72,36.38
SmarterStreaming,10750,27849,662,181,12307,172,62.5,161.91
android-job,10693,9171,1322,334,6049,189,56.58,48.52
Android-Bootstrap,10389,1395,550,132,2480,79,131.51,17.66
small-spring,10379,16019,1302,469,4764,375,27.68,42.72
MyPerf4J,10298,1645,1255,359,3247,306,33.65,5.38
xboot,10265,6047,2588,423,927,349,29.41,17.33
parceler,10156,8067,2065,594,7299,440,23.08,18.33
grafika,10035,12149,660,180,710,103,97.43,117.95
failsafe,10026,8332,1520,491,4564,238,42.13,35.01
mlkit,9937,7316,1465,293,1550,191,52.03,38.3
COLA,9619,3108,2420,742,2781,559,17.21,5.56
spark,9588,10556,1004,287,10413,221,43.38,47.76
Transitions-Everywhere,9485,17485,1326,324,4964,193,49.15,90.6
ion,9443,4807,1323,422,6820,289,32.67,16.63
kkFileView,9418,2159,569,86,13717,82,114.85,26.33
volley,9295,15417,1199,392,2838,231,40.24,66.74
MallChat,9260,5902,2769,534,1971,444,20.86,13.29
SurveyKing,9237,11466,2070,492,3130,400,23.09,28.66
MVVMHabit,9110,12501,1143,406,5029,319,28.56,39.19
vertx-examples,9055,2980,2408,822,459,451,20.08,6.61
Fragmentation,8981,4447,1486,485,4293,284,31.62,15.66
XposedInstaller,8980,1254,994,288,1729,203,44.24,6.18
XXPermissions,8952,6688,1291,300,16769,194,46.14,34.47
java-jwt,8924,2129,487,140,12276,86,103.77,24.76
gpmall,8865,5136,2111,577,3464,424,20.91,12.11
xxl-job,8854,4176,817,193,3493,171,51.78,24.42
webmagic,8794,4309,1559,407,3944,344,25.56,12.53
spider-flow,8748,3201,867,279,3273,161,54.34,19.88
android-classyshark,8714,4506,672,271,2173,212,41.1,21.25
miaosha,8581,2596,1186,322,4090,286,30.0,9.08
tsunami-security-scanner,8564,7379,1803,444,4249,288,29.74,25.62
DeepLinkDispatch,8549,957,157,37,2216,25,341.96,38.28
spring-cloud-netflix,8510,7572,1903,321,22653,264,32.23,28.68
andOTP,8443,3666,1014,249,6875,166,50.86,22.08
NoHttp,8428,8814,1016,342,10408,228,36.96,38.66
syncthing-android,8424,4820,925,240,1285,142,59.32,33.94
Android-BluetoothKit,8347,2157,982,299,4507,241,34.63,8.95
flutter-webrtc,8277,2511,597,110,3299,90,91.97,27.9
usb-serial-for-android,8172,2757,409,87,2572,66,123.82,41.77
eladmin,8063,8574,2260,328,1749,282,28.59,30.4
allure2,8061,5889,1630,351,3121,269,29.97,21.89
dagger,8043,10182,1289,499,2431,406,19.81,25.08
BackgroundLibrary,8029,488,570,144,4067,119,67.47,4.1
VirtualAPK,7981,5571,798,263,2865,163,48.96,34.18
LiveEventBus,7782,5364,994,342,1243,308,25.27,17.42
tx-lcn,7772,2912,1100,269,1407,222,35.01,13.12
CompreFace,7766,3212,2615,552,1297,333,23.32,9.65
campus-imaotai,7728,5838,1382,308,4442,218,35.45,26.78
Small,7726,6916,704,273,3731,185,41.76,37.38
butterknife,7712,1149,1077,336,2851,272,28.35,4.22
BoomMenu,7710,7574,648,181,26182,115,67.04,65.86
hello-algo,7707,4547,403,215,1012,215,35.85,21.15
microservices-platform,7665,5593,2231,439,2259,351,21.84,15.93
android-async-http,7620,11177,872,275,7065,154,49.48,72.58
NineOldAndroids,7585,15001,592,198,4160,138,54.96,108.7
javapoet,7543,3375,447,114,12800,99,76.19,34.09
pig,7543,14004,2626,498,2024,380,19.85,36.85
MaterialDateTimePicker,7536,5536,481,107,9317,73,103.23,75.84
physical-web,7481,10242,747,201,4167,156,47.96,65.65
Android-Universal-Image-Loader,7434,10868,681,222,4038,140,53.1,77.63
VasSonic,7421,9199,466,142,2399,111,66.86,82.87
Mybatis-PageHelper,7390,6823,1052,261,5365,181,40.83,37.7
views-widgets-samples,7344,6417,611,263,1066,152,48.32,42.22
dolby_beta,7302,2616,767,269,1471,185,39.47,14.14
ImmersionBar,7237,4382,902,299,22614,142,50.96,30.86
spring-boot-demo,7163,7546,2435,545,1119,482,14.86,15.66
nanohttpd,7106,7150,625,258,3191,144,49.35,49.65
LSPatch,7008,12221,634,197,3486,146,48.0,83.71
PocketHub,6980,6329,1394,314,1917,212,32.92,29.85
transmittable-thread-local,6932,16315,866,222,1915,155,44.72,105.26
ftgo-application,6868,248,1978,440,3031,370,18.56,0.67
libstreaming,6798,8973,318,126,2073,89,76.38,100.82
Luyten,6750,2852,303,199,1993,129,52.33,22.11
java-faker,6710,1785,926,326,9168,225,29.82,7.93
android-common,6707,12616,488,137,4737,110,60.97,114.69
MifareClassicTool,6633,6106,366,75,3499,33,201.0,185.03
DSA-Bootcamp-Java,6614,856,321,274,886,253,26.14,3.38
austin,6538,12291,2168,391,505,348,18.79,35.32
android-common,6519,8706,299,106,10570,85,76.69,102.42
AndResGuard,6506,1974,233,99,1477,66,98.58,29.91
VitamioBundle,6501,12256,500,133,7582,101,64.37,121.35
android-gpuimage,6341,15284,453,330,1729,153,41.44,99.9
JAViewer,6309,10430,1036,286,2085,179,35.25,58.27
TwinklingRefreshLayout,6273,3519,647,207,5477,151,41.54,23.3
springBoot,6250,2175,1343,303,4091,264,23.67,8.24
netty-socketio,6233,3540,839,214,5580,169,36.88,20.95
wgcloud,6105,2673,713,141,4076,118,51.74,22.65
JustAuth,6054,15738,1091,266,2571,198,30.58,79.48
JavaSourceCodeLearning,6045,3133,905,399,995,317,19.07,9.88
SpringAll,6035,1503,1982,420,1417,378,15.97,3.98
Spring-Cloud-Platform,6014,3526,865,249,10204,177,33.98,19.92
MVPArms,5986,6980,990,191,4783,149,40.17,46.85
useful-java-links,5967,2138,606,269,482,263,22.69,8.13
StylishMusicPlayer,5777,2215,975,254,2564,194,29.78,11.42
ListViewAnimations,5697,7539,887,282,1433,137,41.58,55.03
socket.io-client-java,5639,2483,440,251,974,229,24.62,10.84
springcloud-learning,5631,1459,1099,230,19322,225,25.03,6.48
cim,5622,2268,986,259,1159,202,27.83,11.23
interviews,5621,3652,307,258,75,257,21.87,14.21
android-Ultra-Pull-To-Refresh,5476,2893,653,228,3082,161,34.01,17.97
awaitility,5473,5976,540,203,3159,170,32.19,35.15
BGARefreshLayout-Android,5450,4024,834,228,1587,162,33.64,24.84
Conductor,5385,4198,471,116,6135,86,62.62,48.81
MagicaSakura,5367,1668,697,141,2137,84,63.89,19.86
freeline,5357,2195,513,217,1872,135,39.68,16.26
shopping-management-system,5353,1074,341,132,7404,97,55.19,11.07
dynamic-datasource,5290,4970,910,203,420,178,29.72,27.92
Play-with-Algorithms,5287,1479,385,134,692,133,39.75,11.12
EventBus,5269,3590,627,336,1657,183,28.79,19.62
IoT-Technical-Guide,5235,1354,1201,367,930,294,17.81,4.61
RichText,5185,2492,564,191,1392,132,39.28,18.88
zxing-android-embedded,5169,4889,522,131,2104,96,53.84,50.93
XRecyclerView,5151,1729,649,236,1501,166,31.03,10.42
Bolts-Android,5144,10129,474,172,3004,158,32.56,64.11
concurrency-limits,5131,3359,590,164,1060,128,40.09,26.24
epic,5127,1852,481,242,4529,149,34.41,12.43
joyagent-jdgenie,5079,2839,647,149,580,135,37.62,21.03
android-volley,4965,7578,672,250,2088,132,37.61,57.41
aurora,4956,45,2179,334,2170,299,16.58,0.15
easy-rules,4857,5839,825,213,1236,162,29.98,36.04
retrolambda,4848,4222,594,339,2161,240,20.2,17.59
u2020,4806,4890,833,191,3165,134,35.87,36.49
reflections,4782,2491,546,227,2691,197,24.27,12.64
crawler4j,4736,3554,438,109,4639,83,57.06,42.82
FastBle,4713,698,460,136,2737,105,44.89,6.65
uCrop,4707,3048,488,105,2226,77,61.13,39.58
ChatKit,4680,12257,623,313,3832,108,43.33,113.49
Android-Image-Cropper,4655,11157,309,55,2815,40,116.38,278.92
dddsample-core,4639,1487,1113,177,1104,157,29.55,9.47
walle,4633,8324,296,112,817,94,49.29,88.55
CC,4599,2621,596,151,1958,120,38.33,21.84
haven,4561,1848,539,110,930,79,57.73,23.39
novel,4544,4367,892,216,4138,202,22.5,21.62
MagicIndicator,4533,433,515,138,2775,103,44.01,4.2
Sui,4514,2270,439,105,1295,89,50.72,25.51
JiaoZiVideoPlayer,4511,408,502,146,3908,69,65.38,5.91
AndPermission,4486,4360,671,196,1258,168,26.7,25.95
spring-boot-examples,4461,569,1451,315,1545,307,14.53,1.85
spring-boot-starter,4431,6314,791,214,2831,175,25.32,36.08
LoadingDrawable,4428,564,423,94,1029,65,68.12,8.68
Android-PickerView,4421,4106,339,105,1410,91,48.58,45.12
leetcode,4414,957,421,165,55,164,26.91,5.84
JCSprout,4399,2690,318,177,286,162,27.15,16.6
gnirehtet,4330,1660,305,96,1158,81,53.46,20.49
brigadier,4312,754,564,98,3787,85,50.73,8.87
spruce-android,4269,11841,593,167,653,122,34.99,97.06
subsampling-scale-image-view,4262,15037,405,114,5740,72,59.19,208.85
kafdrop,4215,2417,552,132,2821,100,42.15,24.17
floatingsearchview,4170,20536,482,159,3548,135,30.89,152.12
sensitive-word,4145,3952,684,264,4678,225,18.42,17.56
MusicBot,4097,1924,627,233,985,93,44.05,20.69
rebound,4095,3337,381,115,3039,87,47.07,38.36
react-native-webrtc,4086,1942,410,77,584,67,60.99,28.99
android-mvp-architecture,4049,2590,849,202,2060,146,27.73,17.74
AndroidStaggeredGrid,4010,8718,211,67,5612,36,111.39,242.17
SuperTextView,4002,30479,262,100,12184,86,46.53,354.41
itstack-demo-design,3992,842,466,238,1145,215,18.57,3.92
RxJava2-Android-Samples,3992,2055,678,232,1163,185,21.58,11.11
HaE,3968,524,278,111,798,67,59.22,7.82
AndroidTutorialForBeginners,3957,1857,582,193,354,129,30.67,14.4
screw,3941,7203,678,184,713,136,28.98,52.96
google-authenticator,3935,11156,237,103,1809,61,64.51,182.89
newbee-mall,3935,1499,448,95,3107,89,44.21,16.84
groupie,3898,1181,474,170,2781,93,41.91,12.7
chatgpt-java,3866,5457,1355,221,2398,201,19.23,27.15
ysoserial,3851,1484,655,161,1067,120,32.09,12.37
GoGoGo,3813,1900,370,70,618,48,79.44,39.58
AndroidImageSlider,3813,10069,256,99,3723,63,60.52,159.83
Depth-LIB-Android-,3771,756,409,131,1442,108,34.92,7.0
frontend-maven-plugin,3717,519,554,171,698,99,37.55,5.24
DiscreteScrollView,3698,490,444,131,2007,105,35.22,4.67
Jetpack-MVVM-Best-Practice,3691,3254,576,193,1428,119,31.02,27.34
twoway-view,3688,1660,310,93,4416,51,72.31,32.55
ImagePicker,3685,2046,443,113,1754,76,48.49,26.92
material-calendarview,3658,6827,568,135,6073,88,41.57,77.58
Android-PullToRefresh,3567,7582,494,173,4579,82,43.5,92.46
rejoiner,3566,2638,867,206,645,131,27.22,20.14
InfiniteCycleViewPager,3564,6276,207,67,4204,41,86.93,153.07
PageIndicatorView,3532,573,397,108,1642,72,49.06,7.96
my-site,3496,2413,557,107,3152,90,38.84,26.81
LeetCode,3441,432,180,145,122,145,23.73,2.98
ShadowLayout,3437,5132,260,74,1405,65,52.88,78.95
Matisse,3418,1751,506,106,614,76,44.97,23.04
proxyee-down,3392,549,331,88,1171,60,56.53,9.15
MaterialEditText,3385,3231,147,34,19314,26,130.19,124.27
sqlbrite,3329,4594,498,144,456,106,31.41,43.34
AndroidPdfViewer,3328,2030,282,71,4377,57,58.39,35.61
AndroidVideoCache,3217,778,372,115,1103,77,41.78,10.1
PermissionsDispatcher,3184,156,193,146,4091,119,26.76,1.31
ARouter,3165,1983,362,138,1710,98,32.3,20.23
ActiveAndroid,3158,1589,337,108,1369,62,50.94,25.63
BannerViewPager,3154,1895,395,103,3491,73,43.21,25.96
libsvm,3152,1887,111,46,667,34,92.71,55.5
LeetCode-Book,3121,2244,344,258,22,258,12.1,8.7
SeeWeather,3101,858,522,163,649,106,29.25,8.09
SlidingMenu,3085,5740,379,145,3511,74,41.69,77.57
spring-reading,3078,1556,816,298,157,290,10.61,5.37
HTextView,3076,402,382,142,317,91,33.8,4.42
mybatis-generator-gui,3047,301,280,58,2728,39,78.13,7.72
effective-java-3e-source-code,3018,934,228,240,268,202,14.94,4.62
cameraview,2983,2754,348,91,873,72,41.43,38.25
vhr,2971,627,417,96,4543,94,31.61,6.67
emojicon,2971,954,201,61,264,39,76.18,24.46
Robust,2953,788,148,53,729,42,70.31,18.76
ViewPagerIndicator,2947,1399,397,179,1932,66,44.65,21.2
MaterialDesignLibrary,2927,648,372,149,554,82,35.7,7.9
AppUpdate,2925,5144,284,74,2377,64,45.7,80.38
android-gif-drawable,2920,3954,394,106,3823,64,45.62,61.78
so-novel,2871,805,487,95,214,81,35.44,9.94
BottomBar,2834,2180,324,85,4070,66,42.94,33.03
FloatingActionButton,2805,1195,218,65,6565,47,59.68,25.43
barcodescanner,2796,327,386,120,863,73,38.3,4.48
SpringBoot-Learning,2790,716,1198,276,391,269,10.37,2.66
midjourney-proxy,2787,1296,531,112,523,90,30.97,14.4
openai-java,2783,2377,889,179,2566,165,16.87,14.41
AndroidSwipeLayout,2770,2118,275,98,4359,74,37.43,28.62
RecyclerViewPager,2735,745,306,106,708,71,38.52,10.49
FlycoTabLayout,2730,657,213,51,7362,33,82.73,19.91
banner,2724,1561,444,134,3481,73,37.32,21.38
Spring-Boot-In-Action,2714,2293,518,150,805,134,20.25,17.11
Java,2697,1077,472,176,632,124,21.75,8.69
linuxdeploy,2693,843,265,61,1328,37,72.78,22.78
lanproxy,2668,977,267,75,517,63,42.35,15.51
oblivion,2641,463,327,86,674,58,45.53,7.98
RxJava-Android-Samples,2633,526,570,157,791,86,30.62,6.12
dynamic-load-apk,2620,1285,360,90,584,62,42.26,20.73
spring-boot-projects,2606,948,463,115,971,107,24.36,8.86
DesignPattern,2603,1561,500,252,281,197,13.21,7.92
bottomsheet,2578,4405,333,93,1881,68,37.91,64.78
analysis-ik,2571,1699,183,52,586,38,67.66,44.71
Linkage-RecyclerView,2552,1948,480,116,779,75,34.03,25.97
api-samples,2541,3543,269,42,184,42,60.5,84.36
NavigationTabBar,2538,4541,233,76,3335,58,43.76,78.29
BigImageViewer,2513,2347,387,108,1076,84,29.92,27.94
mini-spring,2472,1251,508,182,757,149,16.59,8.4
ForestBlog,2437,2057,439,92,1091,86,28.34,23.92
dexposed,2414,1918,105,61,2982,36,67.06,53.28
My-Blog,2411,487,276,61,1714,58,41.57,8.4
TakePhoto,2403,1192,278,69,599,55,43.69,21.67
Android-Debug-Database,2393,875,253,78,537,61,39.23,14.34
AndroidAutoLayout,2370,392,455,156,687,78,30.38,5.03
RxLifecycle,2368,1436,521,134,114,81,29.23,17.73
ahbottomnavigation,2339,4429,235,54,2644,46,50.85,96.28
guide-rpc-framework,2306,1222,439,115,113,95,24.27,12.86
learning-spark,2295,821,376,135,239,133,17.26,6.17
open-location-code,2295,1843,332,79,305,67,34.25,27.51
android-times-square,2286,3201,214,58,1216,47,48.64,68.11
LayoutManagerGroup,2285,830,312,99,576,63,36.27,13.17
Android-CleanArchitecture,2260,2813,540,150,706,105,21.52,26.79
Android-Touch-Helper,2257,2557,227,65,107,55,41.04,46.49
AndroidPerformanceMonitor,2234,1181,220,69,760,54,41.37,21.87
InstaMaterial,2223,232,383,123,795,80,27.79,2.9
marshalsec,2214,2307,526,131,1050,72,30.75,32.04
SmoothProgressBar,2208,314,233,59,1263,48,46.0,6.54
Dexter,2197,1887,354,96,332,80,27.46,23.59
AVLoadingIndicatorView,2161,459,328,164,621,92,23.49,4.99
JavaEETest,2133,664,542,169,503,154,13.85,4.31
BigData-Notes,2124,907,440,94,63,77,27.58,11.78
BGABanner-Android,2123,1438,265,84,1393,53,40.06,27.13
StickyListHeaders,2112,1406,207,60,171,43,49.12,32.7
leet-code,2109,3614,164,81,88,81,26.04,44.62
BottomNavigation,2091,2269,226,43,2078,30,69.7,75.63
ShowcaseView,2086,1830,350,91,1158,65,32.09,28.15
java8-tutorial,2081,517,91,88,344,88,23.65,5.88
android-zxingLibrary,2018,1704,245,69,293,52,38.81,32.77
AndroidSlidingUpPanel,2011,4616,84,23,2244,17,118.29,271.53
chatgpt-java,2010,1032,364,88,1007,69,29.13,14.96
Android-Week-View,2003,5275,98,34,6435,27,74.19,195.37
ASimpleCache,1993,2954,129,42,1117,29,68.72,101.86
otto,1987,3133,207,118,302,85,23.38,36.86
spring-boot-best-practice,1968,840,835,192,549,176,11.18,4.77
TapTargetView,1965,1633,176,45,1946,39,50.38,41.87
okhttputils,1961,551,261,102,434,70,28.01,7.87
BubbleSeekBar,1958,1476,147,39,2751,30,65.27,49.2
DiskLruCache,1937,1759,39,16,132,12,161.42,146.58
EffectiveAndroidUI,1923,2135,324,98,848,73,26.34,29.25
SmartTabLayout,1912,1881,286,74,437,45,42.49,41.8
dubbo-spring-boot-project,1908,2008,633,104,1062,89,21.44,22.56
NewbieGuide,1896,869,336,92,814,78,24.31,11.14
react-native-push-notification,1884,372,183,36,449,29,64.97,12.83
piggymetrics,1881,185,598,105,379,99,19.0,1.87
testing-samples,1849,2393,473,116,271,86,21.5,27.83
DSBridge-Android,1841,1070,140,52,751,47,39.17,22.77
flink-recommandSystem-demo,1835,481,287,83,493,77,23.83,6.25
QR-Code-generator,1823,2087,75,27,372,19,95.95,109.84
Android-SpinKit,1812,391,342,225,1528,71,25.52,5.51
AndroRAT,1793,48,158,64,76,55,32.6,0.87
PhotoView,1792,1062,213,61,1107,45,39.82,23.6
react-native-share,1792,333,229,85,353,41,43.71,8.12
packer-ng-plugin,1776,925,87,43,578,31,57.29,29.84
awesome-java-leetcode,1772,983,121,72,84,72,24.61,13.65
library,1770,24,835,128,668,123,14.39,0.2
BadgeView,1759,96,152,46,1746,35,50.26,2.74
JKeyboardPanelSwitch,1736,2310,260,65,369,50,34.72,46.2
AndroidAutoSize,1720,2942,265,69,1533,49,35.1,60.04
HomeMirror,1719,808,180,71,353,66,26.05,12.24
CircleIndicator,1712,177,293,73,383,45,38.04,3.93
easypermissions,1705,911,295,49,403,33,51.67,27.61
chuck,1698,711,245,58,2341,42,40.43,16.93
android-crop,1676,1021,133,43,821,31,54.06,32.94
springboot-learning-example,1641,1017,526,119,325,114,14.39,8.92
SwipeBackLayout,1635,3133,94,25,1104,18,90.83,174.06
MaterialViewPager,1616,1687,200,57,413,44,36.73,38.34
ticker,1581,1882,143,41,856,31,51.0,60.71
baseAdapter,1563,195,244,66,914,50,31.26,3.9
tiny-spring,1543,948,327,122,251,106,14.56,8.94
SwitchButton,1543,537,118,38,2227,27,57.15,19.89
springboot-guide,1522,450,572,164,188,139,10.95,3.24
UltraViewPager,1518,985,125,33,1401,24,63.25,41.04
LoadSir,1481,645,384,115,297,74,20.01,8.72
rabbitmq-tutorials,1480,576,234,51,117,51,29.02,11.29
FloatWindow,1473,285,166,56,428,44,33.48,6.48
RxAndroid,1452,1149,125,62,170,55,26.4,20.89
CircleProgress,1451,444,144,42,2144,25,58.04,17.76
xpay,1449,315,135,21,1962,21,69.0,15.0
Toaster,1433,881,160,47,1383,35,40.94,25.17
circular-progress-button,1429,81,155,50,988,39,36.64,2.08
TinyPinyin,1401,583,134,71,569,65,21.55,8.97
tech-weekly,1391,570,234,83,172,81,17.17,7.04
Android,1387,257,263,93,120,56,24.77,4.59
BottomNavigationViewEx,1371,2090,142,46,1454,29,47.28,72.07
MaterialSearchView,1361,1409,166,54,929,41,33.2,34.37
SwipeMenuListView,1347,986,145,48,503,33,40.82,29.88
Leaf,1305,256,139,57,450,40,32.62,6.4
spring-mvc-showcase,1281,201,300,70,548,58,22.09,3.47
RoundedImageView,1265,468,126,27,1612,15,84.33,31.2
GuideView,1246,962,131,48,288,35,35.6,27.49
GhidraMCP,1219,380,49,5,1377,3,406.33,126.67
PreviewSeekBar,1166,1024,130,27,648,23,50.7,44.52
JsBridge,1160,922,112,37,547,32,36.25,28.81
SpringCloudLearning,1123,753,651,150,78,143,7.85,5.27
AndroidWiFiADB,1096,452,86,45,364,30,36.53,15.07
Luban,1088,537,86,34,315,29,37.52,18.52
SwipeDelMenuLayout,1085,1283,124,50,208,40,27.12,32.08
dialogplus,1047,997,152,30,1678,29,36.1,34.38
StatusBarUtil,1036,712,137,51,744,33,31.39,21.58
SmartCropper,1021,481,75,16,1470,12,85.08,40.08
FloatingActionButton,1014,21,153,49,1015,27,37.56,0.78
Material-Animations,1010,98,198,66,214,45,22.44,2.18
RxJavaSamples,1001,59,241,74,85,53,18.89,1.11
glide-transformations,991,473,150,58,75,27,36.7,17.52
ShineButton,988,144,116,39,567,24,41.17,6.0
Phoenix,976,100,104,40,181,24,40.67,4.17
Calligraphy,968,1108,143,36,284,25,38.72,44.32
AndroidViewAnimations,965,1684,277,148,188,82,11.77,20.54
sweet-alert-dialog,943,123,70,20,497,16,58.94,7.69
android-stackblur,933,1051,72,45,24,41,22.76,25.63
WeChatLuckyMoney,931,153,113,29,185,21,44.33,7.29
BlurView,930,278,177,45,210,30,31.0,9.27
Music-Player,926,591,141,56,161,32,28.94,18.47
android-iconify,909,318,151,53,223,43,21.14,7.4
FizzBuzzEnterpriseEdition,894,771,264,91,21,91,9.82,8.47
CustomActivityOnCrash,893,1410,81,20,485,15,59.53,94.0
ShortcutBadger,885,347,164,36,108,31,28.55,11.19
shimmer-android,885,261,60,13,126,7,126.43,37.29
RxPermissions,876,678,93,22,202,20,43.8,33.9
uid-generator,873,1077,72,32,293,25,34.92,43.08
Android-ConvenientBanner,848,556,140,42,226,29,29.24,19.17
hawk,834,253,94,27,337,26,32.08,9.73
logger,827,350,105,21,269,18,45.94,19.44
folding-cell-android,812,647,87,28,281,21,38.67,30.81
react-native-image-picker,811,53,68,17,728,11,73.73,4.82
FlowLayout,810,140,147,48,170,34,23.82,4.12
sticky-headers-recyclerview,808,269,134,37,94,29,27.86,9.28
SystemBarTint,807,487,72,16,203,9,89.67,54.11
richeditor-android,804,412,104,49,2019,43,18.7,9.58
MarqueeView,804,292,119,30,120,22,36.55,13.27
VBlog,781,250,132,30,843,29,26.93,8.62
Skeleton,752,178,123,41,152,33,22.79,5.39
tech-interview-for-developer,636,38,17,13,12,13,48.92,2.92
Blurry,636,237,72,14,9,14,45.43,16.93
SpringBoot-Shiro-Vue,633,410,156,38,255,27,23.44,15.19
gradle-retrolambda,623,93,115,26,54,25,24.92,3.72
GravitySnapHelper,610,804,51,14,463,8,76.25,100.5
JustTrustMe,598,1615,69,32,73,27,22.15,59.81
GDA-android-reversing-Tool,567,44,41,16,918,16,35.44,2.75
ExpandableTextView,552,511,77,26,177,15,36.8,34.07
DropDownMenu,513,222,86,26,41,19,27.0,11.68
RippleEffect,504,672,65,26,440,19,26.53,35.37
blurkit-android,497,258,61,15,303,10,49.7,25.8
react-native-linear-gradient,488,222,98,31,203,19,25.68,11.68
Toasty,487,220,65,17,906,16,30.44,13.75
spring-boot-api-project-seed,484,132,75,19,146,15,32.27,8.8
android-lifecycle,481,14,42,10,910,6,80.17,2.33
android-hidden-api,478,700,32,4,226,4,119.5,175.0
CoordinatorTabLayout,473,213,90,24,160,17,27.82,12.53
android-autofittextview,470,632,43,11,326,8,58.75,79.0
Side-Menu.Android,449,66,70,22,74,18,24.94,3.67
react-native-config,428,232,105,32,45,23,18.61,10.09
Timeline-View,418,141,18,3,907,2,209.0,70.5
AndroidNote,402,234,39,11,65,8,50.25,29.25
spring-cloud-examples,390,20,230,61,28,60,6.5,0.33
JS-Sorting-Algorithm,389,100,43,12,34,12,32.42,8.33
hugo,384,5,40,8,194,7,54.86,0.71
NumberProgressBar,380,175,19,8,551,6,63.33,29.17
spring-analysis,378,186,80,41,59,33,11.45,5.64
ssm,369,107,79,32,39,19,19.42,5.63
CircleImageView,360,44,33,7,536,3,120.0,14.67
awesome-leetcode-resources,360,83,13,11,52,11,32.73,7.55
ExplosionField,343,96,49,15,43,10,34.3,9.6
awesome-system-design-resources,336,13,9,11,0,11,30.55,1.18
JGrowing,329,0,29,19,37,19,17.32,0.0
jimureport,300,236,81,13,28,12,25.0,19.67
androidmvp,274,138,46,18,42,14,19.57,9.86
SpringBootVulExploit,258,5,48,14,50,14,18.43,0.36
react-native-splash-screen,246,150,41,15,24,12,20.5,12.5
ViewPagerCards,240,15,48,14,20,9,26.67,1.67
sndcpy,214,6,31,8,81,4,53.5,1.5
ThreeTenABP,117,9,30,10,10,7,16.71,1.29
Android_Data,116,30,4,2,6,2,58.0,15.0
migration,101,6,17,12,1,12,8.42,0.5
LeetCodeAnimation,78,3,4,4,0,4,19.5,0.75
hello-algorithm,61,43,3,3,0,3,20.33,14.33
from-java-to-kotlin,37,0,1,2,0,2,18.5,0.0
android-tips-tricks,22,0,1,1,0,1,22.0,0.0
UltimateAndroidReference,22,0,1,1,0,1,22.0,0.0
JavaTutorial,14,9,1,3,1,3,4.67,3.0
source-code-hunter,5,3,0,1,0,1,5.0,3.0
android-interview-questions,5,0,0,1,0,1,5.0,0.0
jvm,5,3,0,1,0,1,5.0,3.0
java-developer-roadmap,5,0,0,1,0,1,5.0,0.0
advanced-java,5,3,0,1,0,1,5.0,3.0
GitHub-Chinese-Top-Charts,5,1,0,1,0,1,5.0,1.0
mit-deep-learning-book-pdf,2,0,0,1,0,1,2.0,0.0
